Country,GDPRAdequacy
Andorra,Adequate
Argentina,Adequate
Brazil,Adequate
Israel,Adequate
Japan,Adequate
South Korea,Adequate
New Zealand,Adequate
Switzerland,Adequate
United Kingdom,Adequate
Uruguay,Adequate
Austria,EU or EEA Member
Belgium,EU or EEA Member
Bulgaria,EU or EEA Member
Croatia,EU or EEA Member
Cyprus,EU or EEA Member
Czechia,EU or EEA Member
Denmark,EU or EEA Member
Estonia,EU or EEA Member
Finland,EU or EEA Member
France,EU or EEA Member
Germany,EU or EEA Member
Hungary,EU or EEA Member
Iceland,EU or EEA Member
Ireland,EU or EEA Member
Italy,EU or EEA Member
Latvia,EU or EEA Member
Liechtenstein,EU or EEA Member
Lithuania,EU or EEA Member
Malta,EU or EEA Member
Netherlands,EU or EEA Member
Norway,EU or EEA Member
Poland,EU or EEA Member
Portugal,EU or EEA Member
Romania,EU or EEA Member
Slovakia,EU or EEA Member
Slovenia,EU or EEA Member
Spain,EU or EEA Member
Sweden,EU or EEA Member
Greenland,EU or EEA Member
Afghanistan,Inadequate
Albania,Inadequate
Algeria,Inadequate
Angola,Inadequate
Antigua and Barbuda,Inadequate
Armenia,Inadequate
Australia,Inadequate
Azerbaijan,Inadequate
Bahamas,Inadequate
Bahrain,Inadequate
Bangladesh,Inadequate
Barbados,Inadequate
Belarus,Inadequate
Belize,Inadequate
Benin,Inadequate
Bhutan,Inadequate
Bolivia,Inadequate
Bosnia and Herzegovina,Inadequate
Botswana,Inadequate
Brunei,Inadequate
Burkina Faso,Inadequate
Burma,Inadequate
Burundi,Inadequate
Cabo Verde,Inadequate
Cambodia,Inadequate
Cameroon,Inadequate
Central African Rep.,Inadequate
Chad,Inadequate
Chile,Inadequate
China,Inadequate
Colombia,Inadequate
Comoros,Inadequate
Congo,Inadequate
Costa Rica,Inadequate
Cote d'Ivoire,Inadequate
Cuba,Inadequate
Djibouti,Inadequate
Dominica,Inadequate
Dominican Rep.,Inadequate
Ecuador,Inadequate
Egypt,Inadequate
El Salvador,Inadequate
Eq. Guinea,Inadequate
Eritrea,Inadequate
Eswatini,Inadequate
Ethiopia,Inadequate
Fiji,Inadequate
Gabon,Inadequate
Gambia,Inadequate
Georgia,Inadequate
Ghana,Inadequate
Greece,Inadequate
Grenada,Inadequate
Guatemala,Inadequate
Guinea,Inadequate
Guinea-Bissau,Inadequate
Guyana,Inadequate
Haiti,Inadequate
Holy See,Inadequate
Honduras,Inadequate
India,Inadequate
Indonesia,Inadequate
Iran,Inadequate
Iraq,Inadequate
Jamaica,Inadequate
Jordan,Inadequate
Kazakhstan,Inadequate
Kenya,Inadequate
Kosovo,Inadequate
Kuwait,Inadequate
Kyrgyzstan,Inadequate
Laos,Inadequate
Lebanon,Inadequate
Lesotho,Inadequate
Liberia,Inadequate
Libya,Inadequate
Luxembourg,Inadequate
Madagascar,Inadequate
Malawi,Inadequate
Malaysia,Inadequate
Maldives,Inadequate
Mali,Inadequate
Mauritania,Inadequate
Mauritius,Inadequate
Mexico,Inadequate
Moldova,Inadequate
Monaco,Inadequate
Mongolia,Inadequate
Montenegro,Inadequate
Morocco,Inadequate
Mozambique,Inadequate
Namibia,Inadequate
Nepal,Inadequate
Nicaragua,Inadequate
Niger,Inadequate
Nigeria,Inadequate
North Macedonia,Inadequate
Oman,Inadequate
Pakistan,Inadequate
Panama,Inadequate
Papua New Guinea,Inadequate
Paraguay,Inadequate
Peru,Inadequate
Philippines,Inadequate
Qatar,Inadequate
Russia,Inadequate
Rwanda,Inadequate
Saint Kitts and Nevis,Inadequate
Saint Lucia,Inadequate
Saint Vincent and the Grenadines,Inadequate
San Marino,Inadequate
Sao Tome and Principe,Inadequate
Saudi Arabia,Inadequate
Senegal,Inadequate
Serbia,Inadequate
Seychelles,Inadequate
Sierra Leone,Inadequate
Singapore,Inadequate
Somalia,Inadequate
South Africa,Inadequate
S. Sudan,Inadequate
Sri Lanka,Inadequate
Sudan,Inadequate
Suriname,Inadequate
Syria,Inadequate
Taiwan,Inadequate
Tajikistan,Inadequate
Tanzania,Inadequate
Thailand,Inadequate
Timor-Leste,Inadequate
Togo,Inadequate
Trinidad and Tobago,Inadequate
Tunisia,Inadequate
Turkey,Inadequate
Uganda,Inadequate
Ukraine,Inadequate
United Arab Emirates,Inadequate
Uzbekistan,Inadequate
Venezuela,Inadequate
Vietnam,Inadequate
West Bank and Gaza,Inadequate
W. Sahara,Inadequate
Yemen,Inadequate
Zambia,Inadequate
Zimbabwe,Inadequate
Myanmar,Inadequate
Dem. Rep. Congo,Inadequate
Somaliland,Inadequate
Turkmenistan,Inadequate
Antarctica,Inadequate
North Korea,Inadequate
Canada,Special arrangement
United States of America,Special arrangement
